{"count":1,"self":15.7286208,"total":15.8285884,"children":{"InitializeActuators":{"count":2,"self":0.0009996,"total":0.0009996,"children":null},"InitializeSensors":{"count":2,"self":0.0010130999999999999,"total":0.0010130999999999999,"children":null},"AgentSendState":{"count":560,"self":0.012020999999999999,"total":0.0879556,"children":{"CollectObservations":{"count":543,"self":0.0019993999999999997,"total":0.0019993999999999997,"children":null},"CollectDiscreteActionMasks":{"count":543,"self":0.0010006,"total":0.0010006,"children":null},"RequestDecision":{"count":543,"self":0.0029974,"total":0.0729346,"children":{"RayPerceptionSensor.Perceive":{"count":1086,"self":0.069937199999999991,"total":0.069937199999999991,"children":null}}}}},"DecideAction":{"count":560,"self":0.0049990999999999994,"total":0.0049990999999999994,"children":null},"AgentAct":{"count":560,"self":0.0040003999999999994,"total":0.0040003999999999994,"children":null}},"gauges":{},"metadata":{"timer_format_version":"0.1.0","start_time_seconds":"1617676685","unity_version":"2021.1.1f1","command_line_arguments":"C:\\Program Files\\Unity\\Hub\\Editor\\2021.1.1f1\\Editor\\Unity.exe -projectpath C:\/Users\/tribh\/GUI-Ball-In-a-Cube\/GUI-Ball-In-a-Cube -useHub -hubIPC -cloudEnvironment production -hubSessionId fd462780-9677-11eb-99a4-31d469627197","communication_protocol_version":"1.1.0","com.unity.ml-agents_version":"1.4.0-preview","scene_name":"Shooter","end_time_seconds":"1617676701"}}