{
    "name": "root",
    "gauges": {
        "Shooter.Policy.Entropy.mean": {
            "value": 1.435326337814331,
            "min": 1.4200725555419922,
            "max": 1.435941219329834,
            "count": 10
        },
        "Shooter.Policy.ExtrinsicValueEstimate.mean": {
            "value": 0.4925771951675415,
            "min": -0.08569902181625366,
            "max": 0.4925771951675415,
            "count": 10
        },
        "Shooter.Environment.EpisodeLength.mean": {
            "value": 15.572944297082229,
            "min": 15.572944297082229,
            "max": 859.3275862068965,
            "count": 10
        },
        "Shooter.Environment.CumulativeReward.mean": {
            "value": 0.9703912737512723,
            "min": 0.9063281871692853,
            "max": 0.9984177877674386,
            "count": 10
        },
        "Shooter.Policy.ExtrinsicReward.mean": {
            "value": 0.9703912737512723,
            "min": 0.9063281871692853,
            "max": 0.9984177877674386,
            "count": 10
        },
        "Shooter.Losses.ValueLoss.mean": {
            "value": 0.16591981053352356,
            "min": 0.004985270090401173,
            "max": 0.16591981053352356,
            "count": 10
        },
        "Shooter.Losses.PolicyLoss.mean": {
            "value": 0.02528546191751957,
            "min": 0.02347448468208313,
            "max": 0.02528546191751957,
            "count": 10
        },
        "Shooter.Policy.LearningRate.mean": {
            "value": 1.665177842369303e-05,
            "min": 1.665177842369303e-05,
            "max": 0.00028460685280151665,
            "count": 10
        },
        "Shooter.Policy.Epsilon.mean": {
            "value": 0.10555056482553482,
            "min": 0.10555056482553482,
            "max": 0.19486895203590393,
            "count": 10
        },
        "Shooter.Policy.Beta.mean": {
            "value": 0.00028697296511381865,
            "min": 0.00028697296511381865,
            "max": 0.004743960686028004,
            "count": 10
        },
        "Shooter.IsTraining.mean": {
            "value": 1.0,
            "min": 1.0,
            "max": 1.0,
            "count": 10
        }
    },
    "metadata": {
        "timer_format_version": "0.1.0",
        "start_time_seconds": "1617641133",
        "python_version": "3.7.8 (tags/v3.7.8:4b47a5b6ba, Jun 28 2020, 08:53:46) [MSC v.1916 64 bit (AMD64)]",
        "command_line_arguments": "C:\\Users\\tribh\\AppData\\Local\\Programs\\Python\\Python37\\Scripts\\mlagents-learn --run-id=AIPushAgent019",
        "mlagents_version": "0.20.0",
        "mlagents_envs_version": "0.20.0",
        "communication_protocol_version": "1.1.0",
        "tensorflow_version": "2.3.1",
        "numpy_version": "1.18.5",
        "end_time_seconds": "1617648631"
    },
    "total": 7498.0443942,
    "count": 1,
    "self": 0.21010320000004867,
    "children": {
        "run_training.setup": {
            "total": 0.03474160000000026,
            "count": 1,
            "self": 0.03474160000000026
        },
        "TrainerController.start_learning": {
            "total": 7497.7995494,
            "count": 1,
            "self": 13.546705399970051,
            "children": {
                "TrainerController._reset_env": {
                    "total": 21.464563400000003,
                    "count": 1,
                    "self": 21.464563400000003
                },
                "TrainerController.advance": {
                    "total": 7462.56652810003,
                    "count": 500017,
                    "self": 7.2252845999610145,
                    "children": {
                        "env_step": {
                            "total": 7455.341243500069,
                            "count": 500017,
                            "self": 7137.070764600252,
                            "children": {
                                "SubprocessEnvManager._take_step": {
                                    "total": 311.72157439993555,
                                    "count": 500017,
                                    "self": 12.333229400236746,
                                    "children": {
                                        "TFPolicy.evaluate": {
                                            "total": 299.3883449996988,
                                            "count": 500016,
                                            "self": 299.3883449996988
                                        }
                                    }
                                },
                                "workers": {
                                    "total": 6.548904499881175,
                                    "count": 500017,
                                    "self": 0.0,
                                    "children": {
                                        "worker_root": {
                                            "total": 7464.9667552002575,
                                            "count": 500017,
                                            "is_parallel": true,
                                            "self": 759.6233681004296,
                                            "children": {
                                                "steps_from_proto": {
                                                    "total": 0.0003600000000005821,
                                                    "count": 1,
                                                    "is_parallel": true,
                                                    "self": 7.559999999529055e-05,
                                                    "children": {
                                                        "_process_vector_observation": {
                                                            "total": 0.00028440000000529153,
                                                            "count": 4,
                                                            "is_parallel": true,
                                                            "self": 0.00028440000000529153
                                                        }
                                                    }
                                                },
                                                "UnityEnvironment.step": {
                                                    "total": 6705.343027099828,
                                                    "count": 500017,
                                                    "is_parallel": true,
                                                    "self": 45.80370010025308,
                                                    "children": {
                                                        "UnityEnvironment._generate_step_input": {
                                                            "total": 24.953045499673472,
                                                            "count": 500017,
                                                            "is_parallel": true,
                                                            "self": 24.953045499673472
                                                        },
                                                        "communicator.exchange": {
                                                            "total": 6496.596718399935,
                                                            "count": 500017,
                                                            "is_parallel": true,
                                                            "self": 6496.596718399935
                                                        },
                                                        "steps_from_proto": {
                                                            "total": 137.98956309996606,
                                                            "count": 500017,
                                                            "is_parallel": true,